,flops,loss,acc1,acc5,algo,model
0,0.6200401782989502,2.114288479816623,61.91930917989372,84.85163234389752,ToMe,DeiT-B-16
