model, algo, gflops, ratio ,acc_1
DEIT-B-16-224, pitome, 9.323728895999961, 0.875, 76.568
DEIT-B-16-224, pitome, 10.481428992000016, 0.9, 78.958
DEIT-B-16-224, pitome, 11.051719680000003, 0.9125, 79.708
DEIT-B-16-224, pitome, 11.861481983999974, 0.925, 80.542
DEIT-B-16-224, pitome, 13.483668479999915, 0.95, 81.302
DEIT-B-16-224, pitome, 15.439108607999977, 0.975, 81.644
DEIT-B-16-224, none, 17.44745472000009, 1.0, 81.796
