model, algo, gflops, ratio ,acc_1
VIT-S-16-224, pitome, 3.0572528640000125, 0.925, 72.104
VIT-S-16-224, pitome, 3.0572528640000125, 0.925, 72.102
VIT-S-16-224, none, 4.54069555199999, 1.0, 74.19
VIT-S-16-224, pitome, 3.0572528640000103, 0.925, 72.10200294494629
