model, algo, gflops, ratio ,acc_1
VIT-S-16-384, pitome, 9.825679104000026, 0.925, 76.06400299072266
VIT-S-16-384, none, 15.32009779200004, 1.0, 76.92400329589844
