dataset,model,algo,gflops,ratio,txt_r1,txt_r5,txt_r10,img_r1,img_r5,img_r10,r_sum,train time,eval time,use attn
flickr,BLIP,mctf,41.84642414592,0.925,91.2,97.8,99.4,80.1,95.18,97.46,561.14,0,51.41428089141846,false
flickr,BLIP,mctf,48.35886600192,0.95,93.8,98.8,99.6,83.08,96.2,97.96,569.4399999999999,0,59.45903468132019,false
flickr,BLIP,mctf,52.12266442752001,0.9625,94.9,99.2,99.9,84.42,96.56,98.28,573.26,0,63.38465452194214,false
flickr,BLIP,mctf,56.17120038912,0.975,95.3,99.4,100.0,85.78,96.9,98.54,575.92,0,69.75544595718384,false
flickr,BLIP,pitome,41.68336300032,0.925,94.1,99.0,99.8,83.48,96.88,98.34,571.6,0,47.890681982040405,false
flickr,BLIP,pitome,48.12842176512,0.95,95.9,99.6,100.0,85.78,97.38,98.76,577.42,0,55.88517713546753,false
flickr,BLIP,pitome,51.92102572032,0.9625,96.4,99.6,100.0,86.74,97.66,98.82,579.22,0,59.890052795410156,false
flickr,BLIP,pitome,56.01276997632,0.975,96.9,99.8,100.0,87.1,97.54,98.76,580.1,0,64.56885719299316,false
coco,BLIP,pitome,41.21822208,0.925,77.1,92.68,95.7,60.09596161535386,82.87085165933627,88.91643342662935,497.3632467013195,0,228.75419425964355,false
