model, algo, gflops, ratio ,acc_1
VIT-L-16-384, pitome, 87.679512576, 0.925, 83.76400421142579
VIT-L-16-384, none, 190.6122915839999, 1.0, 85.61600467681885
