model, algo, gflops, ratio ,acc_1
DEIT-S-16-224, tome, 2.694444288, 0.9, 78.76
DEIT-S-16-224, pitome, 2.694444288, 0.9, 79.07
DEIT-S-16-224, dct, 2.69819519999999, 0.9, 77.41
DEIT-S-16-224, none, 4.540695551999991, 1.0, 79.80
