dataset,model,algo,gflops,ratio,acc,eval time,train time
imdb, bert-base-uncased, pitome, 25.375373920306533, 0.8, 93.48808381317998, 65.4380464553833, 2481.2339515686035
imdb, bert-base-uncased, tome, 25.252004477298097, 0.8, 93.28614843250175, 63.88940119743347, 2443.768077850342
imdb, bert-base-uncased, diffrate, 25.26641589706009, 0.8, 93.0462252079336, 64.25645518302917, 2444.9465115070343
imdb, bert-base-uncased, none, 46.90368669530937, 1.0, 94.03390914907288, 108.09806203842163, 4548.587587356567
imdb, bert-base-uncased, pitome, 17.600188492652727, 0.7, 92.8142994241844, 52.92516779899597, 1962.741878271103
imdb, bert-base-uncased, tome, 17.56905362229572, 0.7, 92.49240243122217, 51.20859503746033, 1918.711397409439
imdb, bert-base-uncased, diffrate, 17.58901348238018, 0.7, 91.9385796545108, 51.748244285583496, 1921.5640180110931
