dataset,model,algo,gflops,ratio,acc,eval time,train time
sst2, distilbert-base-uncased, none, 2.309250816, 1.0, 91.0907451923077, 0.19871020317077637, 333.08504843711853
sst2, distilbert-base-uncased, pitome, 1.400967936, 0.8, 90.60997596153845, 0.18922162055969238, 270.5378785133362
sst2, distilbert-base-uncased, tome, 1.375867392, 0.8, 90.12169471153845, 0.19702887535095215, 260.2951273918152
sst2, distilbert-base-uncased, diffrate, 1.375867392, 0.8, 90.45973557692308, 0.18963003158569336, 261.35479617118835
sst2, distilbert-base-uncased, pitome, 1.0392683520000001, 0.7, 88.90474759615384, 0.17374491691589355, 240.8566870689392
sst2, distilbert-base-uncased, tome, 1.0142653440000002, 0.7, 89.3780048076923, 0.1844329833984375, 228.3173668384552
sst2, distilbert-base-uncased, diffrate, 1.0142653440000002, 0.7, 87.6953125, 0.1739189624786377, 229.81445598602295
