dataset,model,algo,gflops,ratio,txt_r1,txt_r5,txt_r10,img_r1,img_r5,img_r10,r_sum,train time,eval time
flickr,BLIP,pitome,41.60941535232,0.925,96.5,99.6,99.9,85.9,97.02,98.44,578.3599999999999,2621.7531774044037,46.472211837768555
flickr,BLIP,tome,41.58717437952001,0.925,95.5,99.5,99.8,85.02,97.24,98.38,575.44,2582.501916408539,46.55039048194885
flickr,BLIP,tofu,41.58717437952001,0.925,96.5,99.9,100.0,85.56,97.0,98.48,577.4399999999999,2561.9486227035522,46.925774574279785
flickr,BLIP,dct,41.68336300032,0.925,93.1,99.0,99.6,81.92,95.58,97.72,566.92,2991.8152639865875,48.158018589019775
coco,BLIP,pitome,41.60941535232,0.925,78.96,93.22,96.24,61.91523390643742,84.45421831267493,89.88004798080767,504.66950019992004,6258.857276678085,228.11911797523499
coco,BLIP,tome,41.58717437952001,0.925,77.74,93.06,96.06,61.067572970811675,83.91443422630948,89.68812475009996,501.53013194722115,5448.887421369553,225.93891549110413
coco,BLIP,tofu,41.58717437952001,0.925,77.68,92.82,95.68,60.83566573370652,83.53058776489404,89.50419832067173,500.0504518192723,5455.65721321106,226.27895832061768
coco,BLIP,dct,41.68336300032,0.925,76.1,92.58,95.7,59.03638544582167,82.45501799280288,88.70051979208317,494.57192323070774,6254.205078601837,231.49650239944458
