dataset,model,algo,gflops,ratio,txt_r1,txt_r5,txt_r10,img_r1,img_r5,img_r10,r_sum,train time,eval time
flickr,BLIP,pitome,36.206908416,0.925,96.2,99.9,99.9,86.5,97.18,98.64,578.32,1338.242216348648,46.95093321800232
flickr,BLIP,pitome,41.487277056,0.95,96.7,99.7,99.9,86.22,97.48,98.74,578.74,1500.0598006248474,54.292070388793945
