dataset,model,algo,gflops,ratio,acc,eval time,train time
sst2, bert-base-uncased, none, 4.618501632, 1.0, 91.34615384615384, 0.3146817684173584, 584.8569195270538
sst2, bert-base-uncased, pitome, 2.6510238719999997, 0.8, 91.63161057692308, 0.26657652854919434, 424.370867729187
sst2, bert-base-uncased, tome, 2.59367424, 0.8, 90.85787259615384, 0.27478694915771484, 416.37698912620544
sst2, bert-base-uncased, diffrate, 2.59367424, 0.8, 89.97896634615384, 0.2654716968536377, 416.2380828857422
sst2, bert-base-uncased, pitome, 1.8923013119999998, 0.7, 88.671875, 0.2552375793457031, 359.6660997867584
sst2, bert-base-uncased, tome, 1.8351782399999998, 0.7, 88.70943509615384, 0.2274949550628662, 347.8653516769409
sst2, bert-base-uncased, diffrate, 1.8351782399999998, 0.7, 88.22866586538461, 0.27594804763793945, 347.00838446617126
