dataset,model,algo,gflops,ratio,txt_r1,txt_r5,txt_r10,img_r1,img_r5,img_r10,r_sum,train time,eval time,use attn
flickr,BLIP,pitome,48.12842176512,0.95,96.1,99.7,99.9,86.36,97.4,98.6,579.98,8079.598340749741,54.79755234718323,false
flickr,BLIP,tome,48.35886600192,0.95,95.9,99.9,100.0,86.68,97.58,98.82,578.88,7774.839746236801,55.419787883758545,false
flickr,BLIP,tofu,48.35886600192,0.95,96.6,99.9,100.0,87.02,97.48,98.74,579.74,7848.513974428177,56.11821794509888,false
flickr,BLIP,dct,48.12842176512,0.95,94.5,99.5,99.8,83.8,96.24,98.04,571.88,9218.593254327774,55.86786699295044,false
flickr,BLIP,pitome,48.12842176512,0.95,80.38,94.58,97.22,63.286685325869655,85.29388244702119,90.69172331067573,511.45229108356654,26604.033987998962,264.77075242996216,false
flickr,BLIP,tome,48.35886600192,0.95,80.0,94.68,97.04,62.91083566573371,85.09796081567373,90.58776489404238,510.31656137544985,25973.375117063522,270.1847457885742,false
flickr,BLIP,tofu,48.35886600192,0.95,79.76,94.52,97.04,63.2546981207517,85.23390643742503,90.67972810875649,510.4883326669332,26239.9532494545,268.9478862285614,false
flickr,BLIP,dct,48.12842176512,0.95,79.0,93.34,96.7,61.36745301879248,83.93842463014794,89.64814074370251,503.994018392643,30291.64934182167,270.4092924594879,false
