{"trainable parameters": 4784130, "_timestamp": 1705631858.4992387, "_runtime": 11.53162169456482, "_step": 0, "_wandb": {"runtime": 14}}